## This list is for teaching purposes, such as material development or
## for flashcards. The lemmas are those that are most commonly associated
## with the headword. While the list includes both UK and US spelling
## variations, the US spelling is used for the headword.
## Our approach sometimes leads to problems with homographs. In the NGSL, homographs that
## may need further analysis include FOUND (Past tense of FIND and FOUND establish), 
## WOUND (past tense of WIND and injury) and MINE (pronoun and coal MINE).
## We believe that the teaching of different senses of a word is a pedagogical decision.

a,an
abandon,abandons,abandoned,abandoning
ability,abilities
able,abler,ablest
abortion,abortions
about
above
abroad
absence,absences
absolute,absolutes
absolutely
abstract,abstracts,abstracted,abstracting
abuse,abuses,abused,abusing
academic,academics
accept,accepts,accepted,accepting
acceptable
access,accesses,accessed,accessing
accident,accidents
accommodation,accommodations
accompany,accompanies,accompanied,accompanying
accomplish,accomplishes,accomplished,accomplishing
accord,accords,accorded,according
account,accounts,accounted,accounting
accurate
accuse,accuses,accused,accusing
achieve,achieves,achieved,achieving
achievement,achievements
acknowledge,acknowledges,acknowledged,acknowledging
acquire,acquires,acquired,acquiring
acquisition,acquisitions
across
act,acts,acted,acting
action,actions
active,actives
activity,activities
actor,actors
actual
actually
ad,ads
adapt,adapts,adapted,adapting
add,adds,added,adding
addition,additions
additional
address,addresses,addressed,addressing
adequate
adjust,adjusts,adjusted,adjusting
adjustment,adjustments
administration,administrations
admire,admires,admired,admiring
admit,admits,admitting,admitted
adopt,adopts,adopted,adopting
adult,adults
advance,advances,advanced,advancing
advantage,advantages,advantaged
adventure,adventures,adventured,adventuring
advertise,advertises,advertised,advertising,advertize,advertizes,advertized,advertizing
advertisement,advertisements,advertisment,advertisments
advice,advices
advise,advises,advised,advising
adviser,advisers
advocate,advocates,advocated,advocating
affair,affairs
affect,affects,affected,affecting
afford,affords,afforded,affording
afraid
after
afternoon,afternoons
again
against
age,ages,aged,aging,ageing
agency,agencies
agenda,agendas
agent,agents
aggressive
ago
agree,agrees,agreed,agreeing
agreement,agreements
agricultural
ahead
aid,aids,aided,aiding
aim,aims,aimed,aiming
air,airs,aired,airing
aircraft,aircrafts
airline,airlines
alarm,alarms,alarmed,alarming
album,albums
alcohol,alcohols
alive
all
allege,alleges,alleged
allow,allows,allowed,allowing
ally,allies,allied
almost
alone
along
alongside
already
alright
also
alter,alters,altered,altering
alternative,alternatives
although
altogether
always
amaze,amazes,amazed,amazing
amendment,amendments
among
amount,amounts,amounted
analysis,analyses
analyst,analysts
analyze,analyzes,analyzed,analyzing,analyse,analysed,analysing
ancient,ancients
and,ands
anger,angers,angered
angle,angles,angled,angling
angry,angrier,angriest
animal,animals
announce,announces,announced,announcing
announcement,announcements
annual,annuals
another
answer,answers,answered,answering
anticipate,anticipates,anticipated,anticipating
anxiety,anxieties
anxious
any
anybody
anymore
anyone
anything
anyway,anyways
anywhere
apart
apartment,apartments
apologize,apologizes,apologized,apologizing,apologise,apologises,apologised,apologising
apparent
apparently
appeal,appeals,appealed,appealing
appear,appears,appeared,appearing
appearance,appearances
application,applications
apply,applies,applied,applying
appoint,appoints,appointed,appointing
appointment,appointments
appreciate,appreciates,appreciated,appreciating
approach,approaches,approached,approaching
appropriate,appropriates,appropriated,appropriating
approval,approvals
approve,approves,approved,approving
approximately
architecture,architectures
area,areas
argue,argues,argued,arguing
argument,arguments
arise,arises,arose,arising,arisen
arm,arms,armed,arming
army,armies
around
arrange,arranges,arranged,arranging
arrangement,arrangements
arrest,arrests,arrested,arresting
arrival,arrivals
arrive,arrives,arrived,arriving
art,arts
article,articles,articled,articling
artist,artists
as
ashamed
aside,asides
ask,asks,asked,asking
assess,assesses,assessed,assessing
assessment,assessments
asset,assets
assign,assigns,assigned,assigning
assist,assists,assisted,assisting
assistance,assistances
assistant,assistants
associate,associates,associated,associating
association,associations
assume,assumes,assumed,assuming
assumption,assumptions
assure,assures,assured,assuring
at
athlete,athletes
atmosphere,atmospheres
attach,attaches,attached,attaching
attachment,attachments
attack,attacks,attacked,attacking
attempt,attempts,attempted,attempting
attend,attends,attended,attending
attendance,attendances
attention,attentions
attitude,attitudes
attract,attracts,attracted,attracting
attraction,attractions
attractive
attribute,attributes,attributed,attributing
audience,audiences
aunt,aunts
author,authors,authored,authoring
automatically
autumn,autumns
available
average,averages,averaged,averaging
avoid,avoids,avoided,avoiding
award,awards,awarded,awarding
aware
awareness
away
awful
baby,babies,babied,babying
back,backs,backed,backing
background,backgrounds
bad,worse,worst,baddest
badly
bag,bags,bagged,bagging
balance,balances,balanced,balancing
ball,balls,balled,balling
ban,bans,banned,banning
band,bands,banded
bank,banks,banked,banking
bar,bars,barred,barring
barely
barrier,barriers
base,bases,based,basing,baser,basest
basic,basics
basically
basis
bath,baths
battle,battles,battled,battling
be,am,m,is,isn,s,are,re,aren,ain,been,was,wasn,were,weren,being,bein,beings
beach,beaches,beached,beaching
bear,bears,bearing,born,bearings
beat,beats,beating,beaten,beatings
beautiful
beauty,beauties
because,cos
become,becomes,became,becoming
bed,beds,bedded,bedding,beddings
bedroom,bedrooms
beer,beers
before
begin,begins,began,beginning,begun,beginnings
behave,behaves,behaved,behaving
behavior,behaviors,behaviour,behaviours
behind
belief,beliefs
believe,believes,believed,believing
bell,bells,belled,belling
belong,belongs,belonged,belonging,belongings
below
belt,belts,belted,belting
bend,bends,bended,bending,bent
beneath
benefit,benefits,benefited,benefiting,benefitted,benefitting
beside
besides
bet,bets,betted,betting
between
beyond
bias,biases,biased,biasing
bid,bids,bade,bidding
big,bigger,biggest
bike,bikes,biked,biking
bill,bills,billed,billing
bin,bins,binned,binning
bind,binds,binding
biological
bird,birds,birded,birding
birth,births,birthed,birthing
bit,bits,bitted
bite,bites,biting,bitten
black,blacks,blacked,blacking,blacker,blackest
blame,blames,blamed,blaming
bless,blesses,blessed,blessing,blessings,blest
blind,blinds,blinded,blinding,blinder,blindest
block,blocks,blocked,blocking
blog,blogs,blogged,blogging,bloggings
blood,bloods,blooded,blooding
bloody,bloodies,bloodied,bloodying,bloodier,bloodiest
blow,blows,blew,blowing,blown
blue,blues,blued,bluing,bluer,bluest
board,boards,boarded,boarding
boat,boats,boated,boating
body,bodies,bodied,bodying
bomb,bombs,bombed,bombing,bombings
bond,bonds,bonded,bonding
bone,bones,boned,boning
book,books,booked,booking,bookings
boom,booms,boomed,booming
boost,boosts,boosted,boosting
boot,boots,booted,booting
border,borders,bordered,bordering
bore,bores,bored,boring
borrow,borrows,borrowed,borrowing,borrowings
boss,bosses,bossed,bossing
both
bother,bothers,bothered,bothering
bottle,bottles,bottled,bottling
bottom,bottoms,bottomed,bottoming
boundary,boundaries
bowl,bowls,bowled,bowling
box,boxes,boxed,boxing
boy,boys
brain,brains,brained,braining
branch,branches,branched,branching
brand,brands,branded,branding
bread,breads,breaded,breading
break,breaks,broke,breaking,broken
breakfast,breakfasts,breakfasted,breakfasting
breast,breasts,breasted,breasting
breath,breaths
breathe,breathes,breathed,breathing
breed,breeds,bred,breeding
bridge,bridges,bridged,bridging
brief,briefs,briefed,briefing,briefer,briefest,briefings
briefly
bright,brighter,brightest
brilliant
bring,brings,brought,bringing
broad,broader,broadest
broadcast,broadcasts,broadcasted,broadcasting
brother,brothers
brown,browns,browned,browning,browner,brownest
brush,brushes,brushed,brushing,brushings
budget,budgets,budgeted,budgeting
build,builds,building,buildings,built
bunch,bunches,bunched,bunching
burden,burdens,burdened,burdening
burn,burns,burned,burning,burnt
burst,bursts,bursting
bury,buries,buried,burying
bus,buses,bused,busing
business,businesses
busy,busies,busied,busying,busier,busiest
but,buts
button,buttons,buttoned,buttoning
buy,buys,bought,buying
buyer,buyers
by
cable,cables,cabled,cabling
cake,cakes,caked,caking
calculate,calculates,calculated,calculating
call,calls,called,calling
calm,calms,calmed,calming,calmer,calmest
camera,cameras
camp,camps,camped,camping
campaign,campaigns,campaigned,campaigning
can,cans,canned,canning,cannot
cancel,cancels,canceled,canceling,cancelled,cancelling
cancer,cancers
candidate,candidates
cap,caps,capped,capping
capability,capabilities
capable
capacity,capacities
capital,capitals
capture,captures,captured,capturing
car,cars
carbon,carbons
card,cards,carded,carding
care,cares,cared,caring
career,careers,careered,careering
careful
carefully
carpet,carpets,carpeted,carpeting
carry,carries,carried,carrying
case,cases,cased,casing,casings
cash,cashes,cashed,cashing
cast,casts,casted,casting,castings
castle,castles,castled,castling
cat,cats
catalog,catalogs,cataloged,cataloging,catalogue,catalogues,catalogued,cataloguing
catch,catches,caught,catching
category,categories
cause,causes,caused,causing
celebrate,celebrates,celebrated,celebrating
celebration,celebrations
cell,cells,celled
cent,cents
center,centers,centered,centering,centre,centres,centred
central,centrals
century,centuries
ceremony,ceremonies
certain
certainly
chain,chains,chained,chaining
chair,chairs,chaired,chairing
chairman,chairmen
challenge,challenges,challenged,challenging
chamber,chambers,chambered,chambering
champion,champions,championed,championing
championship,championships
chance,chances,chanced,chancing
change,changes,changed,changing
channel,channels,channeled,channelled,channelling,channeling
chapter,chapters
character,characters
characteristic,characteristics
characterize,characterizes,characterized,characterizing,characterise,characterises,characterised,characterising
charge,charges,charged,charging
charity,charities
charm,charms,charmed,charming
chart,charts,charted,charting
chase,chases,chased,chasing
chat,chats,chatted,chatting
cheap,cheaper,cheapest
check,checks,checked,checking
cheek,cheeks,cheeked
cheese,cheeses
chemical,chemicals
chest,chests
chicken,chickens,chickened
chief,chiefs
child,children
childhood,childhoods
chip,chips,chipped,chipping
chocolate,chocolates
choice,choices,choicer,choicest
choose,chooses,chose,choosing,chosen
church,churches,churched,churching
cigarette,cigarettes
circle,circles,circled,circling
circumstance,circumstances
cite,cites,cited,citing
citizen,citizens
city,cities
civil
civilian,civilians
claim,claims,claimed,claiming
class,classes,classed,classing
classic,classics
classical
clause,clauses
clean,cleans,cleaned,cleaning,cleanings
clear,clears,cleared,clearing,clearer,clearest
clearly
click,clicks,clicked,clicking,clickings
climate,climates
climb,climbs,climbed,climbing
clinical
clock,clocks,clocked,clocking
close,closes,closed,closing,closer,closest
closely
clothes
clothing
cloud,clouds,clouded,clouding
club,clubs,clubbed,clubbing
cluster,clusters,clustered,clustering
coach,coaches,coached,coaching
coal,coals
coast,coasts,coasted,coasting
coat,coats,coated,coating,coatings
code,codes,coded,coding
coffee,coffees
coin,coins,coined,coining
cold,colder,coldest,colds
collapse,collapses,collapsed,collapsing
colleague,colleagues
collect,collects,collected,collecting
collection,collections
college,colleges
color,colors,colored,coloring,colorings,colour,colours,coloured,colouring
column,columns,columned
combination,combinations
combine,combines,combined,combining
come,comes,came,coming,cometh
comedy,comedies
comfort,comforts,comforted,comforting
comfortable
command,commands,commanded,commanding
comment,comments,commented,commenting
commercial,commercials
commission,commissions,commissioned,commissioning
commit,commits,committing,committed
commitment,commitments
committee,committees
common,commonest
communicate,communicates,communicated,communicating
communication,communications
community,communities
company,companies
compare,compares,compared,comparing
comparison,comparisons
compensation,compensations
compete,competes,competed,competing
competition,competitions
competitive
competitor,competitors
complain,complains,complained,complaining
complaint,complaints
complete,completes,completed,completing
completely
complex,complexes
complexity,complexities
complicate,complicates,complicated,complicating
component,components
compose,composes,composed,composing
composition,compositions
compound,compounds,compounded,compounding
comprehensive
comprise,comprises,comprised,comprising
compromise,compromises,compromised,compromising
compute,computes,computed,computing
computer,computers
concentrate,concentrates,concentrated,concentrating
concentration,concentrations
concept,concepts
concern,concerns,concerned,concerning
concert,concerts,concerted
conclude,concludes,concluded,concluding
conclusion,conclusions
concrete,concretes,concreted,concreting
condition,conditions,conditioned,conditioning,conditionings
conduct,conducts,conducted,conducting
conference,conferences,conferenced,conferencing,conferencings
confidence,confidences
confident,confidents
confirm,confirms,confirmed,confirming
conflict,conflicts,conflicted,conflicting
confuse,confuses,confused,confusing
confusion,confusions
connect,connects,connected,connecting
connection,connections,connexion,connexions
consequence,consequences
consequently
conservative,conservatives
consider,considers,considered,considering
considerable
consideration,considerations
consist,consists,consisted,consisting
consistent
constant,constants
constantly
constitute,constitutes,constituted,constituting
constraint,constraints
construct,constructs,constructed,constructing
construction,constructions
consult,consults,consulted,consulting
consultant,consultants
consume,consumes,consumed,consuming
consumer,consumers
contact,contacts,contacted,contacting
contain,contains,contained,containing
contemporary,contemporaries
content,contents,contented,contenting
contest,contests,contested,contesting
context,contexts
continue,continues,continued,continuing
continuous
contract,contracts,contracted,contracting
contrast,contrasts,contrasted,contrasting
contribute,contributes,contributed,contributing
contribution,contributions
control,controls,controlled,controlling
controversial
convention,conventions
conventional
conversation,conversations
convert,converts,converted,converting
convince,convinces,convinced,convincing
cook,cooks,cooked,cooking
cool,cools,cooled,cooling,coolest
cooperation
cope,copes,coped,coping
copy,copies,copied,copying
core,cores,cored,coring
corner,corners,cornered,cornering
corporate
corporation,corporations
correct,corrects,corrected,correcting
correspond,corresponds,corresponded,corresponding
cost,costs,costing
cough,coughs,coughed,coughing
could,couldn,coulda
council,councils
counsel,counsels,counselled,counseled,counselling,counseling
count,counts,counted,counting
counter,counters,countered,countering
country,countries
county,counties
couple,couples,coupled,coupling
course,courses,coursed,coursing
court,courts,courted,courting
cousin,cousins
cover,covers,covered,covering,coverings
coverage
cow,cows,cowed,cowing
crack,cracks,cracked,cracking
craft,crafts,crafted,crafting
crash,crashes,crashed,crashing
crazy,crazier,craziest,crazies
cream,creams,creamed,creaming
create,creates,created,creating
creation,creations
creative
creature,creatures
credit,credits,credited,crediting
crew,crews,crewed,crewing
crime,crimes
criminal,criminals
crisis,crises
criteria,criterion,criterions
critic,critics
critical
criticism,criticisms
criticize,criticizes,criticized,criticizing,criticise,criticises,criticised,criticising
crop,crops,cropped,cropping
cross,crosses,crossed,crossing,crossings
crowd,crowds,crowded,crowding
crucial
cry,cries,cried,crying
cultural
culture,cultures,cultured,culturing
cup,cups,cupped,cupping
curious,curiouser
currency,currencies
current,currents
currently
curtain,curtains,curtained,curtaining
curve,curves,curved,curving
custom,customs
customer,customers
cut,cuts,cutting,cuttings
cycle,cycles,cycled,cycling
dad,dads,daddy,daddies
daily,dailies
damage,damages,damaged,damaging
damn,damns,damned,damning
dance,dances,danced,dancing
danger,dangers
dangerous
dare,dares,dared,daring
dark,darker,darkest
darkness
data,datum
database,databases
date,dates,dated,dating
daughter,daughters
day,days
dead,deader,deadest
deal,deals,dealing,dealt
dealer,dealers
dear,dears,dearer,dearest
death,deaths
debate,debates,debated,debating
debt,debts
decade,decades
decide,decides,decided,deciding
decision,decisions
declare,declares,declared,declaring
decline,declines,declined,declining
decrease,decreases,decreased,decreasing
dedicate,dedicates,dedicated,dedicating
deep,deeper,deepest,deeps
deeply
defeat,defeats,defeated,defeating
defend,defends,defended,defending
defense,defenses,defence,defences
deficit,deficits
define,defines,defined,defining
definitely
definition,definitions
degree,degrees
delay,delays,delayed,delaying
delight,delights,delighted,delighting
deliver,delivers,delivered,delivering
delivery,deliveries
demand,demands,demanded,demanding
democracy,democracies
democratic
demonstrate,demonstrates,demonstrated,demonstrating
demonstration,demonstrations
density,densities
deny,denies,denied,denying
department,departments
depend,depends,depended,depending
dependent,dependents
deposit,deposits,deposited,depositing
depress,depresses,depressed,depressing
depression,depressions
depth,depths
derive,derives,derived,deriving
describe,describes,described,describing
description,descriptions
desert,deserts,deserted,deserting
deserve,deserves,deserved,deserving
design,designs,designed,designing
designer,designers
desire,desires,desired,desiring
desk,desks
despite
destroy,destroys,destroyed,destroying
destruction,destructions
detail,details,detailed,detailing
detect,detects,detected,detecting
determination,determinations
determine,determines,determined,determining
develop,develops,developed,developing
development,developments
device,devices
devote,devotes,devoted,devoting
dialog,dialogs,dialoged,dialoging,dialogue,dialogues,dialogued,dialoguing
die,dies,died,dying
diet,diets,dieted,dieting
differ,differs,differed,differing
difference,differences,differenced,differencing
different
differently
difficult
difficulty,difficulties
dig,digs,dug,digging
digital,digitals
dimension,dimensions,dimensioned,dimensioning
dinner,dinners
direct,directs,directed,directing
direction,directions
directly
director,directors
dirty,dirties,dirtied,dirtying,dirtier,dirtiest
disagree,disagrees,disagreed,disagreeing
disappear,disappears,disappeared,disappearing
disappoint,disappoints,disappointed,disappointing
disaster,disasters
discipline,disciplines,disciplined,disciplining
discount,discounts,discounted,discounting
discover,discovers,discovered,discovering
discovery,discoveries
discuss,discusses,discussed,discussing
discussion,discussions
disease,diseases,diseased
dish,dishes,dished,dishing
disk,disks,disc,discs
dismiss,dismisses,dismissed,dismissing
disorder,disorders,disordered,disordering
display,displays,displayed,displaying
dispute,disputes,disputed,disputing
distance,distances,distanced,distancing
distant
distinct
distinction,distinctions
distinguish,distinguishes,distinguished,distinguishing
distribute,distributes,distributed,distributing
district,districts
disturb,disturbs,disturbed,disturbing
diversity,diversities
divide,divides,divided,dividing
division,divisions
divorce,divorces,divorced,divorcing
do,does,don,doesn,did,didn,doing,done,doin
doctor,doctors,doctored,doctoring
document,documents,documented,documenting
dog,dogs,dogged,dogging
dollar,dollars
domestic,domestics
dominate,dominates,dominated,dominating
door,doors
double,doubles,doubled,doubling
doubt,doubts,doubted,doubting
down,downs,downed,downing
dozen,dozens
draft,drafts,drafted,drafting,draught,draughts
drag,drags,dragged,dragging
drama,dramas
dramatic,dramatics
dramatically
draw,draws,drew,drawing,drawn,drawings
dream,dreams,dreamed,dreaming,dreamt
dress,dresses,dressed,dressing
drink,drinks,drank,drunk,drinking
drive,drives,drove,driving,driven
driver,drivers
drop,drops,dropped,dropping
drug,drugs,drugged,drugging
dry,dries,dried,drying,drier,driest
due
during
dust,dusts,dusted,dusting
duty,duties
each
ear,ears,eared
early,earlier,earliest
earn,earns,earned,earning,earnings
earth,earths,earthed
ease,eases,eased,easing
easily
east
eastern
easy,easier,easiest
eat,eats,ate,eating,eaten
economic,economics
economy,economies
edge,edges,edged,edging
edit,edits,edited,editing
edition,editions
editor,editors
educate,educates,educated,educating
education,educations
educational
effect,effects,effected,effecting
effective
effectively
efficiency,efficiencies
efficient
effort,efforts
egg,eggs,egged,egging
either
elderly
elect,elects,elected,electing
election,elections
electric,electrics
electricity
electronic,electronics
element,elements
eliminate,eliminates,eliminated,eliminating
else
elsewhere
email,emails,emailed,emailing
embarrass,embarrasses,embarrassed,embarrassing
embrace,embraces,embraced,embracing
emerge,emerges,emerged,emerging
emergency,emergencies
emotion,emotions
emotional
emphasis,emphases
emphasize,emphasizes,emphasized,emphasizing,emphasise,emphasises,emphasised,emphasising
empire,empires
employ,employs,employed,employing
employee,employees
employer,employers
employment,employments
empty,empties,emptied,emptying,emptier,emptiest
enable,enables,enabled,enabling
encounter,encounters,encountered,encountering
encourage,encourages,encouraged,encouraging
end,ends,ended,ending
enemy,enemies
energy,energies
engage,engages,engaged,engaging
engine,engines
engineer,engineers,engineered,engineering
enhance,enhances,enhanced,enhancing
enjoy,enjoys,enjoyed,enjoying
enormous
enough
ensure,ensures,ensured,ensuring
enter,enters,entered,entering
enterprise,enterprises,enterprising
entertain,entertains,entertained,entertaining
entertainment,entertainments
entire
entirely
entitle,entitles,entitled,entitling
entrance,entrances,entranced,entrancing
entry,entries
envelope,envelopes
environment,environments
environmental
episode,episodes
equal,equals,equaled,equaling,equalled,equalling
equally
equation,equations
equipment,equipments
equivalent,equivalents
era,eras
error,errors
escape,escapes,escaped,escaping
especially
essay,essays,essayed,essaying
essential,essentials
establish,establishes,established,establishing
establishment,establishments
estate,estates
estimate,estimates,estimated,estimating
ethnic,ethnics
evaluate,evaluates,evaluated,evaluating
evaluation,evaluations
even,evens,evened
evening,evenings
event,events
eventually
ever
every
everybody
everyday
everyone
everything
everywhere
evidence,evidences,evidenced,evidencing
evil,evils,eviler,evilest
evolution,evolutions
evolve,evolves,evolved,evolving
exact,exacts,exacted,exacting
exactly
exam,exams
examination,examinations
examine,examines,examined,examining
example,examples
exceed,exceeds,exceeded,exceeding
excellent
except,excepts,excepted,excepting
exception,exceptions
excess,excesses
exchange,exchanges,exchanged,exchanging
excite,excites,excited,exciting
excitement,excitements
exclude,excludes,excluded,excluding
excuse,excuses,excused,excusing
executive,executives
exercise,exercises,exercised,exercising
exhaust,exhausts,exhausted,exhausting
exhibit,exhibits,exhibited,exhibiting
exhibition,exhibitions
exist,exists,existed,existing
existence,existences
expand,expands,expanded,expanding
expansion,expansions
expect,expects,expected,expecting
expectation,expectations
expenditure,expenditures
expense,expenses,expensed,expensing
expensive
experience,experiences,experienced,experiencing
experiment,experiments,experimented,experimenting
experimental,experimentals
expert,experts
explain,explains,explained,explaining
explanation,explanations
explore,explores,explored,exploring
export,exports,exported,exporting
expose,exposes,exposed,exposing
exposure,exposures
express,expresses,expressed,expressing
expression,expressions
extend,extends,extended,extending
extension,extensions
extensive
extent,extents
external,externals
extra,extras
extract,extracts,extracted,extracting
extraordinary
extreme,extremes
extremely
eye,eyes,eyed,eyeing
face,faces,faced,facing
facility,facilities
fact,facts
factor,factors,factored,factoring,factorings
factory,factories
fade,fades,faded,fading
fail,fails,failed,failing,failings
failure,failures
fair,fairs,faired,fairing,fairer,fairest
fairly
faith,faiths
faithfully
fall,falls,fell,falling,fallen
FALSE,falser,falsest
familiar,familiars
family,families
famous
fan,fans,fanned,fanning
fancy,fancies,fancied,fancying,fanciest
fantastic
far,farther,farthest
farm,farms,farmed,farming
farmer,farmers
fascinate,fascinates,fascinated,fascinating
fashion,fashions,fashioned,fashioning
fast,fasts,fasted,fasting,faster,fastest
fat,fats,fatter,fattest
father,fathers,fathered,fathering
fault,faults,faulted,faulting
favor,favors,favored,favoring,favour,favours,favoured,favouring
favorite,favorites,favourite,favourites
fear,fears,feared,fearing
feature,features,featured,featuring
federal,federals
fee,fees
feed,feeds,fed,feeding,feedings
feel,feels,felt,feeling,feelings
fellow,fellows
female,females
fence,fences,fenced,fencing,fencings
festival,festivals
few,fewer,fewest
fiction,fictions
field,fields,fielded,fielding
fight,fights,fought,fighting
figure,figures,figured,figuring
file,files,filed,filing,filings
fill,fills,filled,filling,fillings
film,films,filmed,filming
filter,filters,filtered,filtering
final,finals
finally
finance,finances,financed,financing,financings
financial,financials
find,finds,finding,findings
fine,fines,fined,fining,finer,finest
finger,fingers,fingered,fingering
finish,finishes,finished,finishing
fire,fires,fired,firing,firings
firm,firms,firmed,firming,firmer,firmest
firmly
first,firsts
firstly
fish,fishes,fished,fishing
fit,fits,fitted,fitting,fitter,fittest,fittings
fix,fixes,fixed,fixing,fixings
flag,flags,flagged,flagging
flash,flashes,flashed,flashing
flat,flats,flatted,flatting
flexible
flight,flights
float,floats,floated,floating
flood,floods,flooded,flooding
floor,floors,floored,flooring,floorings
flow,flows,flowed,flowing
flower,flowers,flowered,flowering
fly,flies,flew,flying,flown
focus,focuses,focused,focusing,focussed,focuss,focusses,focussing
fold,folds,folded,folding
folk,folks
follow,follows,followed,following,followings
food,foods
fool,fools,fooled,fooling
foot,foots,footed,footing,feet
football,footballs
for
force,forces,forced,forcing
forecast,forecasts,forecasted,forecasting
foreign
forest,forests,forested,foresting
forever
forget,forgets,forgot,forgetting,forgotten
form,forms,formed,forming
formal,formals
format,formats,formatted,formatting
formation,formations
former,formers
formula,formulas,formulae
forth
fortunate
fortune,fortunes
forward,forwards,forwarded,forwarding
found,founds,founded,founding
foundation,foundations
fragment,fragments,fragmented,fragmenting
frame,frames,framed,framing
framework,frameworks
free,frees,freed,freeing,freer,freest
freedom,freedoms
freeze,freezes,froze,freezing,frozen
frequency,frequencies
frequent,frequents,frequented,frequenting
frequently
fresh,fresher,freshest
friend,friends
friendly,friendlier,friendliest
friendship,friendships
frighten,frightens,frightened,frightening
from
front,fronts,fronted,fronting
fruit,fruits,fruited,fruiting
fuel,fuels,fueled,fueling
fulfill,fulfills,fulfilled,fulfilling,fulfil,fulfils,fulfiled,fulfiling
full,fuller,fullest
fully
fun
function,functions,functioned,functioning
functional
fund,funds,funded,funding
fundamental,fundamentals
funny,funnier,funniest
furniture
further,furthers,furthered,furthering
furthermore
future,futures
gain,gains,gained,gaining
gallery,galleries
game,games,gamed,gaming
gap,gaps,gapped,gapping
garden,gardens,gardened,gardening
gas,gases,gassed,gassing,gasses
gate,gates,gated,gating
gather,gathers,gathered,gathering,gatherings
gay,gayer,gayest,gays
gaze,gazes,gazed,gazing
gear,gears,geared,gearing,gearings
gender,genders,gendered
gene,genes
general,generals
generally
generate,generates,generated,generating
generation,generations
genetic
gentle,gentles,gentled,gentling,gentler,gentlest
gentleman,gentlemen
gently
genuine
gesture,gestures,gestured,gesturing
get,gets,got,getting,gotten,gettin,gotta
giant,giants
gift,gifts,gifted,gifting
girl,girls
give,gives,gave,giving,given
glad,gladder,gladdest
glance,glances,glanced,glancing
glass,glasses,glassed,glassing
global
go,goes,went,going,gone,goin,gonna
goal,goals
god,gods
gold
golden
golf,golfs,golfed,golfing
good,goodest
govern,governs,governed,governing
government,governments
governor,governors
grab,grabs,grabbed,grabbing
grade,grades,graded,grading
gradually
graduate,graduates,graduated,graduating
grain,grains,grained,graining
grammar,grammars
grand,grander,grandest
grandmother,grandmothers
grant,grants,granted,granting
grass,grasses,grassed,grassing
grateful
gray,grays,grayed,graying,grayer,grayest,grey,greys,greyed,greying,greyer,greyest
great,greater,greatest,greats
greatly
green,greens,greened,greening,greener,greenest
greet,greets,greeted,greeting,greetings
grin,grins,grinned,grinning
ground,grounds,grounded,grounding
group,groups,grouped,grouping
grow,grows,grew,growing,grown
growth,growths
guarantee,guarantees,guaranteed,guaranteeing,guaranty,guaranties
guard,guards,guarded,guarding
guess,guesses,guessed,guessing
guest,guests
guide,guides,guided,guiding
guideline,guidelines
guilty,guiltier,guiltiest
guitar,guitars
gun,guns,gunned,gunning
guy,guys,guyed,guying
habit,habits,habited
hair,hairs,haired
half,halves,halved,halving
hall,halls
hand,hands,handed,handing
handle,handles,handled,handling
hang,hangs,hung,hanging,hanged,hangings
happen,happens,happened,happening,happenings
happiness
happy,happier,happiest
harbor,harbors,harbored,harboring,harbour,harbours,harbouring
hard,harder,hardest
hardly
harm,harms,harmed,harming
hat,hats,hatted
hate,hates,hated,hating
have,haven,ve,has,hasn,had,hadn,d,having,hafta
he,him,im,his
head,heads,headed,heading,headings
health
healthy,healthier,healthiest
hear,hears,heard,hearing,hearings
heart,hearts,hearted
heat,heats,heated,heating
heavily
heavy,heavies,heavier,heaviest
height,heights
hell,hells
hello
help,helps,helped,helping,helpings
helpful
hence
here
hero,heroes
herself
hesitate,hesitates,hesitated,hesitating
hi
hide,hides,hid,hiding,hidden
high,higher,highest,highs
highlight,highlights,highlighted,highlighting
highly
hill,hills,hilled,hilling
himself
hint,hints,hinted,hinting
hire,hires,hired,hiring
historian,historians
historic
historical
history,histories
hit,hits,hitting
hold,holds,held,holding,holdings
holder,holders
hole,holes,holed,holing
holiday,holidays,holidayed,holidaying
home,homes,homed,homing
honest
honor,honors,honored,honoring,honour,honours,honoured,honouring
hook,hooks,hooked,hooking
hope,hopes,hoped,hoping
hopefully
horrible
horse,horses,horsed,horsing
hospital,hospitals
host,hosts,hosted,hosting
hot,hots,hotter,hottest
hotel,hotels
hour,hours
house,houses,housed,housing,housings
household,households
how,hows
however
huge,huger,hugest
human,humans
humor,humors,humored,humoring,humorings,humour,humours,humoured
hunger,hungers,hungered,hungering
hunt,hunts,hunted,hunting
hurry,hurries,hurried,hurrying
hurt,hurts,hurting
husband,husbands,husbanded,husbanding
hypothesis,hypotheses
i,me,my
ice,ices,iced
idea,ideas
ideal,ideals
identify,identifies,identified,identifying
identity,identities
if,ifs
ignore,ignores,ignored,ignoring
ill,ills
illegal
illness,illnesses
illustrate,illustrates,illustrated,illustrating
illustration,illustrations
image,images,imaged,imaging
imagination,imaginations
imagine,imagines,imagined,imagining,imaginings
immediate
immediately
immigrant,immigrants
immigration,immigrations
implement,implements,implemented,implementing
implementation,implementations
implication,implications
imply,implies,implied,implying
import,imports,imported,importing
importance
important
impose,imposes,imposed,imposing
impossible
impress,impresses,impressed,impressing
impression,impressions
impressive
improve,improves,improved,improving
improvement,improvements
in,ins
incentive,incentives
inch,inches,inched,inching
incident,incidents
include,includes,included,including
income,incomes
incorporate,incorporates,incorporated,incorporating
increase,increases,increased,increasing
increasingly
indeed
independence,independences
independent,independents
index,indexes,indexed,indexing,indices
indicate,indicates,indicated,indicating
indication,indications
individual,individuals
industrial,industrials
industry,industries
infant,infants
infection,infections
inflation,inflations
influence,influences,influenced,influencing
inform,informs,informed,informing
information
initial,initials,initialed,initialing,initialled,initialling
initially
initiative,initiatives
injure,injures,injured,injuring
injury,injuries
inner,inners
innocent,innocents
innovation,innovations
input,inputs,inputted,inputting
inquiry,inquiries
inside,insides
insight,insights
insist,insists,insisted,insisting
inspire,inspires,inspired,inspiring
install,installs,installed,installing
instance,instances,instanced,instancing
instead
institution,institutions
institutional
instruction,instructions
instrument,instruments,instrumented
insurance,insurances
insure,insures,insured,insuring
integrate,integrates,integrated,integrating
intellectual,intellectuals
intelligence,intelligences
intend,intends,intended,intending
intense
intention,intentions
interaction,interactions
interest,interests,interested,interesting
interior,interiors
internal,internals
international,internationals
interpret,interprets,interpreted,interpreting
interpretation,interpretations
intervention,interventions
interview,interviews,interviewed,interviewing
into
introduce,introduces,introduced,introducing
introduction,introductions
invent,invents,invented,inventing
invest,invests,invested,investing
investigate,investigates,investigated,investigating
investigation,investigations
investment,investments
investor,investors
invitation,invitations
invite,invites,invited,inviting
involve,involves,involved,involving
involvement,involvements
iron,irons,ironed,ironing
island,islands,islanded,islanding
isolate,isolates,isolated,isolating
issue,issues,issued,issuing
it,its
item,items
itself
jacket,jackets
jail,jails,jailed,jailing
job,jobs,jobbing
join,joins,joined,joining
joint,joints,jointed,jointing
joke,jokes,joked,joking
journal,journals,journaling
journalist,journalists
journey,journeys,journeyed,journeying
joy,joys
judge,judges,judged,judging
judgment,judgments
jump,jumps,jumped,jumping
jury,juries
just
justice,justices
justify,justifies,justified,justifying
keen,keens,keened,keening,keener,keenest
keep,keeps,keeping,kept
key,keys,keyed,keying
kick,kicks,kicked,kicking
kid,kids,kidded,kidding
kill,kills,killed,killing,killings
kind,kinds,kinder,kindest
king,kings
kiss,kisses,kissed,kissing
kitchen,kitchens
knee,knees,kneed,kneeing
knife,knifes,knifed,knifing,knives
knock,knocks,knocked,knocking
know,knows,knew,knowing,known
knowledge
label,labels,labeled,labeling,labelled,labelling
labor,labors,labored,laboring,labour,labours,laboured,labouring
laboratory,laboratories
lack,lacks,lacked,lacking
lady,ladies
lake,lakes
land,lands,landed,landing,landings
landscape,landscapes,landscaped,landscaping
language,languages
large,larger,largest
largely
last,lasts,lasted,lasting
late,later,latest
latter
laugh,laughs,laughed,laughing
laughter
launch,launches,launched,launching
law,laws
lawyer,lawyers
lay,lays,laid,laying
layer,layers,layered,layering
lazy,lazier,laziest
lead,leads,led,leading
leader,leaders
leadership,leaderships
league,leagues
lean,leans,leaned,leaning,leanings,leant,leaner,leanest
leap,leaps,leaped,leaping,leapt
learn,learns,learned,learning,learnt
least
leather,leathers,leathered,leathering
leave,leaves,leaved,leaving,leavings
lecture,lectures,lectured,lecturing
left,lefts
leg,legs,legged,legging,leggings
legal
legislation,legislations
lend,lends,lent,lending
length,lengths
less
lesson,lessons
let,lets,letting,lemme,lettings
letter,letters,lettering,letterings
level,levels,leveled,leveling,levelled,levelling
liability,liabilities
liberal,liberals
library,libraries
license,licenses,licensed,licensing,licence,licences,licenced,licencing
lie,lies,lied,lying,lain
life
lift,lifts,lifted,lifting
light,lights,lighted,lit,lighting,lightest
like,likes,liked,liking
likely,likelier,likeliest
limit,limits,limited,limiting
limitation,limitations
line,lines,lined,lining
link,links,linked,linking
lip,lips,lipped
liquid,liquids
list,lists,listed,listing,listings
listen,listens,listened,listening
listener,listeners
literally
literary
literature,literatures
little,littler,littlest
live,lives,lived,living
load,loads,loaded,loading
loan,loans,loaned,loaning
local,locals
locate,locates,located,locating
location,locations
lock,locks,locked,locking
log,logs,logged,logging
logic,logics
long,longs,longed,longing,longer,longest
look,looks,looked,looking
loose,looses,loosed,loosing,looser,loosest
lose,loses,lost,losing
loss,losses
lot,lots
loud,louder,loudest
love,loves,loved,loving
lovely,lovelier,loveliest
lover,lovers
low,lows,lowed,lowing,lower,lowest,lowers,lowered,lowering
luck,lucks,lucked,lucking
lucky,luckier,luckiest
lunch,lunches,lunched,lunching
luxury,luxuries
machine,machines,machined,machining
mad,madder,maddest
magazine,magazines
magic
mail,mails,mailed,mailing,mailings
main
mainly
maintain,maintains,maintained,maintaining
maintenance,maintenances
major,majors,majored,majoring
majority,majorities
make,makes,made,making
maker,makers
male,males
man,mans,manned,manning,men
manage,manages,managed,managing
management,managements
manager,managers
manner,manners,mannered
manufacture,manufactures,manufactured,manufacturing
manufacturer,manufacturers
many
map,maps,mapped,mapping,mappings
march,marches,marched,marching
margin,margins
mark,marks,marked,marking,markings
market,markets,marketed,marketing
marriage,marriages
marry,marries,married,marrying
mass,masses,massed,massing
massive
master,masters,mastered,mastering
match,matches,matched,matching
mate,mates,mated,mating
material,materials
mathematics,mathematic,math,maths
matter,matters,mattered,mattering
mature,matures,matured,maturing
maximum
may
maybe
mayor,mayors
meal,meals
mean,means,meaning,meant,meanings,meaner,meanest
meanwhile
measure,measures,measured,measuring
measurement,measurements
meat,meats
mechanism,mechanisms
medical,medicals
medicine,medicines
medium,mediums
meet,meets,meeting,met,meetings
member,members
membership,memberships
memory,memories
mental
mention,mentions,mentioned,mentioning
menu,menus
mere,merest
merely
mess,messes,messed,messing
message,messages,messaged,messaging
metal,metals
meter,meters,metered,metering,metre,metres
method,methods
middle,middles,middled,middling
might,mightn,mighta
mile,miles
military,militaries
milk,milks,milked,milking
mind,minds,minded,minding
mine,mines,mined,mining
minimum,minima,minimums
minister,ministers,ministered,ministering
minor,minors
minority,minorities
minute,minutes
mirror,mirrors,mirrored,mirroring
miss,misses,missed,missing
mission,missions
mistake,mistakes,mistook,mistaking
mix,mixes,mixed,mixing
mixture,mixtures
mobile,mobiles
mode,modes
model,models,modeled,modeling,modelled,modelling
moderate,moderates,moderated,moderating
modern,moderns
modify,modifies,modified,modifying
module,modules
mom,moms,mommy,mommies
moment,moments
money,moneys
monitor,monitors,monitored,monitoring
month,months
monthly
mood,moods
moon,moons,mooned
moral,morals
more
moreover
morning,mornings
mortgage,mortgages,mortgaged,mortgaging
most
mostly
mother,mothers,mothered,mothering
motion,motions,motioned,motioning
motivate,motivates,motivated,motivating
motivation,motivations
motor,motors,motored,motoring
mount,mounts,mounted,mounting,mountings
mountain,mountains
mouse,mouses,mice
mouth,mouths,mouthed,mouthing
move,moves,moved,moving
movement,movements
movie,movies
much
multiple,multiples
murder,murders,murdered,murdering
muscle,muscles,muscled
museum,museums
music
musical,musicals
musician,musicians
must,mustn,musta
mutual
myself
mystery,mysteries
name,names,named,naming
narrative,narratives
narrow,narrows,narrowed,narrowing,narrower,narrowest
nation,nations
national,nationals
native,natives
natural,naturals
naturally
nature,natures,natured
near,nears,neared,nearing,nearer,nearest
nearby
nearly
necessarily
necessary,necessaries
neck,necks,necked,necking
need,needs,needed,needing
negative,negatives
neglect,neglects,neglected,neglecting
negotiate,negotiates,negotiated,negotiating
negotiation,negotiations
neighbor,neighbors,neighbored,neighboring,neighbour,neighbours,neighboured,neighbouring
neighborhood,neighborhoods,neighbourhood,neighbourhoods
neither
nerve,nerves,nerved,nerving
nervous
net,nets,netted,netting
network,networks,networked,networking
never
nevertheless
new,newer,newest
newly
news
newspaper,newspapers
next
nice,nicer,nicest
night,nights
no
nobody,nobodies
noise,noises
none
nor
normal,normals
normally
north
northern
nose,noses,nosed,nosing
not,t
note,notes,noted,noting
nothing
notice,notices,noticed,noticing
notion,notions
noun,nouns
novel,novels
now
nowadays
nowhere
nuclear
number,numbers,numbered,numbering,numberings
numerous
nurse,nurses,nursed,nursing
object,objects,objected,objecting
objective,objectives
obligation,obligations
observation,observations
observe,observes,observed,observing
obvious
obviously
occasion,occasions,occasioned,occasioning
occasionally
occupy,occupies,occupied,occupying
occur,occurs,occurred,occurring
ocean,oceans
odd,odder,oddest
of
off,offs,offed,offing
offense,offenses,offence,offences
offer,offers,offered,offering,offerings
office,offices
officer,officers,officered,officering
official,officials
often
oil,oils,oiled,oiling
okay,okays,okayed,okaying,ok
old,older,oldest,olds
on
once
one,ones
online
only
onto
open,opens,opened,opening,openings
opera,operas
operate,operates,operated,operating
operation,operations
operator,operators
opinion,opinions,opinioned
opponent,opponents
opportunity,opportunities
oppose,opposes,opposed,opposing
opposite,opposites
opposition,oppositions
option,options
or
orange,oranges
order,orders,ordered,ordering
ordinary
organic,organics
organization,organizations,organisation,organisations
organize,organizes,organized,organizing,organise,organises,organised,organising
origin,origins
original,originals
originally
other,others
otherwise
ought,oughtn,oughta,outta
ourselves
out,outs,outed,outing,outings
outcome,outcomes
outline,outlines,outlined,outlining
output,outputs,outputted,outputting
outside,outsides
over,overs
overall
overcome,overcomes,overcame,overcoming
overseas,oversea
owe,owes,owed,owing
own,owns,owned,owning
owner,owners
ownership,ownerships
pace,paces,paced,pacing
pack,packs,packed,packing
package,packages,packaged,packaging
page,pages,paged,paging
pain,pains,pained,paining
paint,paints,painted,painting,paintings
pair,pairs,paired,pairing,pairings
pale,pales,paled,paling,paler,palest
panel,panels,paneled,paneling,panelled,panelling
panic,panics,panicked,panicking
paper,papers,papered,papering
paragraph,paragraphs,paragraphed,paragraphing
parallel,parallels,paralleled,paralleling
parent,parents,parented,parenting
park,parks,parked,parking
part,parts,parted,parting
participant,participants
participate,participates,participated,participating
participation,participations
particular,particulars
particularly
partly
partner,partners,partnered,partnering
partnership,partnerships
party,parties,partied,partying
pass,passes,passed,passing
passage,passages
passenger,passengers
passion,passions
past
path,paths
patient,patients
pattern,patterns,patterned,patterning
pause,pauses,paused,pausing
pay,pays,paid,paying
payment,payments
peace,peaces
peak,peaks,peaked,peaking
peer,peers,peered,peering
pen,pens,penned,penning
penalty,penalties
pension,pensions,pensioned,pensioning
people,peoples,peopled,peopling
per
perceive,perceives,perceived,perceiving
percent,percents
percentage,percentages
perception,perceptions
perfect,perfects,perfected,perfecting
perfectly
perform,performs,performed,performing
performance,performances
perhaps
period,periods
permanent
permission,permissions
permit,permits,permitted,permitting
person,persons
personal,personals
personality,personalities
personally
personnel
perspective,perspectives
persuade,persuades,persuaded,persuading
phase,phases,phased,phasing
phenomenon,phenomena
philosophy,philosophies
phone,phones,phoned,phoning
photo,photos
photograph,photographs,photographed,photographing
phrase,phrases,phrased,phrasing
physical,physicals
piano,pianos
pick,picks,picked,picking
picture,pictures,pictured,picturing
piece,pieces,pieced,piecing
pig,pigs,pigged,pigging
pile,piles,piled,piling
pilot,pilots,piloted,piloting
pink,pinks,pinked,pinking,pinker,pinkest
pipe,pipes,piped,piping
pitch,pitches,pitched,pitching
place,places,placed,placing
plain,plains,plainer,plainest
plan,plans,planned,planning
plane,planes,planed
planet,planets
plant,plants,planted,planting,plantings
plastic,plastics
plate,plates,plated,plating
platform,platforms
play,plays,played,playing
player,players
pleasant,pleasanter,pleasantest
please,pleases,pleased,pleasing
pleasure,pleasures,pleasured,pleasuring
plenty
plot,plots,plotted,plotting
plus,pluses
pocket,pockets,pocketed,pocketing
poem,poems
poet,poets
poetry,poetries
point,points,pointed,pointing
police,polices,policed,policing
policy,policies
political
politician,politicians
politics
poll,polls,polled,polling
pollution,pollutions
pool,pools,pooled,pooling
poor,poorer,poorest
pop,pops,popped,popping
popular
population,populations
port,ports,ported,porting
portion,portions,portioned,portioning
portrait,portraits
pose,poses,posed,posing
position,positions,positioned,positioning
positive,positives
possess,possesses,possessed,possessing
possession,possessions
possibility,possibilities
possible
possibly
post,posts,posted,posting,postings
pot,pots,potted,potting
potato,potatoes
potential,potentials
potentially
pound,pounds,pounded,pounding,poundings
pour,pours,poured,pouring
poverty
power,powers,powered,powering
powerful
practical
practice,practices,practiced,practicing,practise,practised,practises,practising
praise,praises,praised,praising
pray,prays,prayed,praying
precise
precisely
predict,predicts,predicted,predicting
prefer,prefers,preferred,preferring,prefered,prefering
preference,preferences
pregnancy,pregnancies
pregnant
premise,premises,premised,premising
preparation,preparations
prepare,prepares,prepared,preparing
presence,presences
present,presents,presented,presenting
presentation,presentations
preserve,preserves,preserved,preserving
president,presidents
presidential
press,presses,pressed,pressing,pressings
pressure,pressures,pressured,pressuring
presumably
pretend,pretends,pretended,pretending
pretty,pretties,prettying,prettier,prettiest
prevent,prevents,prevented,preventing
previous
previously
price,prices,priced,pricing,pricings
pride,prides,prided,priding
primarily
primary,primaries
prime,primes,primed,priming
principal,principals
principle,principles,principled
print,prints,printed,printing,printings
printer,printers
prior,priors
priority,priorities
prison,prisons
prisoner,prisoners
private
privilege,privileges,privileged,privileging
prize,prizes,prized
pro,pros
probability,probabilities
probably
problem,problems
procedure,procedures
proceed,proceeds,proceeded,proceeding,proceedings
process,processes,processed,processing
produce,produces,produced,producing
producer,producers
product,products
production,productions
profession,professions
professional,professionals
professor,professors,prof
profile,profiles,profiled,profiling,profilings
profit,profits,profited,profiting
program,programs,programmed,programming,programme,programmes,programed,programing
progress,progresses,progressed,progressing
project,projects,projected,projecting
promise,promises,promised,promising
promote,promotes,promoted,promoting
promotion,promotions
prompt,prompts,prompted,prompting,promptings
proof,proofs,proofed,proofing
proper
properly
property,properties
proportion,proportions,proportioned,proportioning
proposal,proposals
propose,proposes,proposed,proposing
prospect,prospects,prospected,prospecting
protect,protects,protected,protecting
protection,protections
protein,proteins
protest,protests,protested,protesting
proud,prouder,proudest
prove,proves,proved,proving,proven
provide,provides,provided,providing
province,provinces
provision,provisions,provisioned,provisioning
psychological
pub,pubs
public,publics
publication,publications
publisher,publishers
pull,pulls,pulled,pulling
pump,pumps,pumped,pumping
pupil,pupils
purchase,purchases,purchased,purchasing
pure,purer,purest
purpose,purposes,purposed,purposing
pursue,pursues,pursued,pursuing
push,pushes,pushed,pushing
put,puts,putted,putting
qualification,qualifications
qualify,qualifies,qualified,qualifying
quality,qualities
quantity,quantities
quarter,quarters,quartered,quartering
question,questions,questioned,questioning,questionings
quick,quicker,quickest
quickly
quiet,quiets,quieted,quieting,quieter,quietest
quietly
quite
quote,quotes,quoted,quoting
race,races,raced,racing
racial,racials
radical,radicals
radio,radios,radioed
rail,rails,railed,railing,railings
rain,rains,rained,raining
raise,raises,raised,raising,raisings
random
range,ranges,ranged,ranging
rank,ranks,ranked,ranking,rankings
rapid
rapidly
rare,rarer,rarest
rarely
rat,rats,ratted,ratting
rate,rates,rated,rating,ratings
rather
ratio,ratios
raw,rawer,rawest
reach,reaches,reached,reaching
react,reacts,reacted,reacting
reaction,reactions
read,reads,reading,readings
reader,readers
ready,readies,readied,readying,readier,readiest
real,realer
reality,realities
realize,realizes,realized,realizing,realise,realises,realised,realising
really
rear,rears,reared,rearing
reason,reasons,reasoned,reasoning
reasonable
reasonably
recall,recalls,recalled
receive,receives,received,receiving
recent
recently
reckon,reckons,reckoned,reckoning
recognition,recognitions
recognize,recognizes,recognized,recognizing,recognise,recognises,recognised,recognising
recommend,recommends,recommended,recommending
recommendation,recommendations
record,records,recorded,recording,recordings
recover,recovers,recovered,recovering
recovery,recoveries
recruit,recruits,recruited,recruiting
red,reds,redder,reddest
reduce,reduces,reduced,reducing
reduction,reductions
refer,refers,referred,referring,refered,refering
reference,references,referenced,referencing
reflect,reflects,reflected,reflecting
reflection,reflections
reform,reforms,reformed,reforming
refugee,refugees
refuse,refuses,refused,refusing
regard,regards,regarded,regarding
regardless
region,regions
regional,regionals
register,registers,registered,registering
registration,registrations
regret,regrets,regretted,regretting
regular,regulars
regularly
regulate,regulates,regulated,regulating
regulation,regulations
reject,rejects,rejected,rejecting
relate,relates,related,relating
relation,relations
relationship,relationships
relative,relatives
relatively
relax,relaxes,relaxed,relaxing
release,releases,released,releasing
relevant
reliable,reliables
relief,reliefs
religion,religions
religious
rely,relies,relied,relying
remain,remains,remained,remaining
remark,remarks,remarked,remarking
remarkable
remember,remembers,remembered,remembering
remind,reminds,reminded,reminding
remote,remoter,remotest
remove,removes,removed,removing
rent,rents,rented,renting
repair,repairs,repaired,repairing
repeat,repeats,repeated,repeating
replace,replaces,replaced,replacing
reply,replies,replied,replying
report,reports,reported,reporting
reporter,reporters
represent,represents,represented,representing
representation,representations
representative,representatives
reputation,reputations
request,requests,requested,requesting
require,requires,required,requiring
requirement,requirements
rescue,rescues,rescued,rescuing
research,researches,researched,researching
researcher,researchers
reserve,reserves,reserved,reserving
resident,residents
resign,resigns,resigned,resigning
resist,resists,resisted,resisting
resistance,resistances
resolution,resolutions
resolve,resolves,resolved,resolving
resort,resorts,resorted,resorting
resource,resources,resourced,resourcing
respect,respects,respected,respecting
respectively
respond,responds,responded,responding
response,responses
responsibility,responsibilities
responsible
rest,rests,rested,resting
restaurant,restaurants
restore,restores,restored,restoring
restrict,restricts,restricted,restricting
restriction,restrictions
result,results,resulted,resulting
retail,retails,retailed,retailing
retain,retains,retained,retaining
retire,retires,retired,retiring
retirement,retirements
return,returns,returned,returning
reveal,reveals,revealed,revealing,revealled,revealling
revenue,revenues
reverse,reverses,reversed,reversing
review,reviews,reviewed,reviewing
revise,revises,revised,revising
revolution,revolutions
reward,rewards,rewarded,rewarding
rice,rices
rich,richer,richest
rid,rids,ridded,ridding
ride,rides,rode,riding,ridden
right,rights,righted,righting,righter
ring,rings,ringed,rang,ringing,rung
rise,rises,rising,risen
risk,risks,risked,risking
rival,rivals,rivaled,rivaling,rivalled,rivalling
river,rivers
road,roads
rock,rocks,rocked,rocking
role,roles
roll,rolls,rolled,rolling
romantic,romantics
roof,roofs,roofed,roofing
room,rooms,roomed,rooming
root,roots,rooted,rooting
rose,roses
rough,roughs,roughed,roughing,rougher,roughest
roughly
round,rounds,rounded,rounding,rounder,roundest
route,routes
routine,routines
row,rows,rowed,rowing
royal,royals
ruin,ruins,ruined,ruining
rule,rules,ruled,ruling,rulings
run,runs,ran,running
rural
rush,rushes,rushed,rushing
sad,sadder,saddest
safe,safer,safest
safety,safeties
sail,sails,sailed,sailing
sake,sakes
salary,salaries,salaried
sale,sales
salt,salts,salted,salting
same
sample,samples,sampled,sampling,samplings
sanction,sanctions,sanctioned,sanctioning
sand,sands,sanded,sanding
satisfaction,satisfactions
satisfy,satisfies,satisfied,satisfying
save,saves,saved,saving,savings
say,says,said,saying,sayings
scale,scales,scaled,scaling
scan,scans,scanned,scanning
scare,scares,scared,scaring
scene,scenes
schedule,schedules,scheduled,scheduling
scheme,schemes,schemed,scheming
scholar,scholars
school,schools,schooled,schooling,schoolings
science,sciences
scientific
scientist,scientists
scope,scopes,scoped,scoping
score,scores,scored,scoring,scorings
scream,screams,screamed,screaming
screen,screens,screened,screening,screenings
sea,seas
seal,seals,sealed,sealing,sealings
search,searches,searched,searching
season,seasons,seasoned,seasoning,seasonings
seat,seats,seated,seating
second,seconds,seconded,seconding,sec
secondary
secondly
secret,secrets
secretary,secretaries
section,sections,sectioned,sectioning
sector,sectors
secure,secures,secured,securing
security,securities
see,sees,saw,seeing,seen
seed,seeds,seeded,seeding
seek,seeks,sought,seeking
seem,seems,seemed,seeming
segment,segments,segmented,segmenting
select,selects,selected,selecting
selection,selections
self,selves
sell,sells,sold,selling
send,sends,sending,sent
senior,seniors
sense,senses,sensed,sensing
sensitive
sentence,sentences,sentenced,sentencing
separate,separates,separated,separating
sequence,sequences,sequenced,sequencing,sequencings
series
serious
seriously
servant,servants
serve,serves,served,serving,servings
server,servers
service,services,serviced,servicing
session,sessions
set,sets,setting,settings
settle,settles,settled,settling
settlement,settlements
several
severe,severer,severest
sex,sexes
sexual
shade,shades,shaded,shading
shadow,shadows
shake,shakes,shook,shaking,shaken
shall
shape,shapes,shaped,shaping
share,shares,shared,sharing
shareholder,shareholders
sharp,sharper,sharpest
she,her,hers
sheep
sheet,sheets,sheeted,sheeting
shelf,shelves,shelved,shelving
shell,shells,shelled
shelter,shelters,sheltered
shift,shifts,shifted,shifting
shine,shines,shined,shining,shone
ship,ships,shipped,shipping
shirt,shirts,shirted,shirting
shock,shocks,shocked,shocking
shoe,shoes,shoed,shod
shoot,shoots,shooting,shootings
shop,shops,shopped,shopping
shore,shores,shored,shoring
short,shorts,shorted,shorting,shorter,shortest
shot,shots
should,shouldn,shoulda
shoulder,shoulders,shouldered
shout,shouts,shouted,shouting
show,shows,showed,showing,shown
shower,showers,showered,showering
shut,shuts
sick,sicker,sickest
side,sides,sided,siding,sidings
sigh,sighs,sighed,sighing
sight,sights,sighted,sighting,sightings
sign,signs,signed,signing
signal,signals,signaled,signaling,signalled,signalling
significance,significances
significant
significantly
silence,silences,silenced,silencing
silent
silly,sillier,silliest
silver,silvers,silvered
similar
similarly
simple,simpler,simplest
simply
since
sing,sings,sang,singing,sung
singer,singers
single,singles,singled,singling
sink,sinks,sank,sinking,sunk
sir
sister,sisters
sit,sits,sat,sitting
site,sites,sited
situate,situates,situated,situating
situation,situations
size,sizes,sized,sizing
ski,skis,skied,skiing
skill,skills,skilled
skin,skins,skinned,skinning
skirt,skirts,skirted,skirting
sky,skies
slave,slaves,slaved,slaving
sleep,sleeps,slept,sleeping
slice,slices,sliced,slicing
slide,slides,slid,sliding
slight,slights,slighted,slighting,slighter,slightest
slightly
slip,slips,slipped,slipping
slope,slopes
slow,slows,slowed,slowing,slower,slowest
slowly
small,smaller,smallest
smart,smarts,smarted,smarting,smarter,smartest
smell,smells,smelled,smelling
smile,smiles,smiled,smiling
smoke,smokes,smoked,smoking
smooth,smoothed,smoothing,smoother,smoothest
snap,snaps,snapped,snapping
snow,snows,snowed,snowing
so
social,socials
society,societies
soft,softer,softest
software
soil,soils,soiled,soiling
solar
soldier,soldiers,soldiered,soldiering
solid,solids
solution,solutions
solve,solves,solved,solving
some
somebody
somehow
someone
something
sometimes
somewhat
somewhere
son,sons
song,songs
soon,sooner,soonest
sorry,sorrier,sorriest
sort,sorts,sorted,sorting
soul,souls
sound,sounds,sounded,sounding
source,sources,sourced,sourcing
south
southern
space,spaces,spaced,spacing
spare,spares,spared,sparing,sparer,sparest
speak,speaks,spoke,speaking,spoken
speaker,speakers
special,specials
specialist,specialists
specialize,specializes,specialized,specializing,specialise,specialises,specialised,specialising
species
specific,specifics
specifically
specify,specifies,specified,specifying
speech,speeches
speed,speeds,sped,speeded,speeding
spell,spells,spelled,spelling,spelt,spellings
spend,spends,spending,spent
spin,spins,spun,spinning
spirit,spirits,spirited,spiriting
split,splits,splitting
sponsor,sponsors,sponsored,sponsoring
sport,sports,sported,sporting
spot,spots,spotted,spotting
spread,spreads,spreading
spring,springs,sprang,sprung,springing
square,squares,squared,squaring,squarer,squarest
stability,stabilities
stable,stables,stabled,stabling
staff,staffs,staffed,staffing
stage,stages,staged,staging
stain,stains,stained,staining
stair,stairs
stake,stakes,staked,staking
stamp,stamps,stamped,stamping
stand,stands,stood,standing
standard,standards
star,stars,starred,starring
stare,stares,stared,staring
start,starts,started,starting
state,states,stated,stating
statement,statements
station,stations,stationed,stationing
statistic,statistics
status
stay,stays,stayed,staying
steady,steadies,steadied,steadying,steadier,steadiest
steal,steals,stole,stealing,stolen
steel,steels,steeled,steeling
stem,stems,stemmed,stemming
step,steps,stepped,stepping
stick,sticks,stuck,sticking
still,stills,stilled,stilling,stiller,stillest
stimulate,stimulates,stimulated,stimulating
stir,stirs,stirred,stirring,stirrings
stock,stocks,stocked,stocking
stomach,stomachs,stomached,stomaching
stone,stones,stoned,stoning
stop,stops,stopped,stopping
storage,storages
store,stores,stored,storing
storm,storms,stormed,storming
story,stories,storied,storey,storys
straight,straighter,straightest
strain,strains,strained,straining
strange,strangest
stranger,strangers
strategy,strategies
stream,streams,streamed,streaming
street,streets
strength,strengths
strengthen,strengthens,strengthened,strengthening
stress,stresses,stressed
stretch,stretches,stretched,stretching
strict,stricter,strictest
strike,strikes,struck,striking
string,strings,strung,stringing
strip,strips,stripped,stripping
stroke,strokes,stroked,stroking
strong,stronger,strongest
strongly
structural
structure,structures,structured,structuring
struggle,struggles,struggled,struggling
student,students
studio,studios
study,studies,studied,studying
stuff,stuffs,stuffed,stuffing
stupid,stupider,stupidest
style,styles,styled,styling
subject,subjects,subjected,subjecting
submit,submits,submitted,submitting
subsequent
subsequently
substance,substances
substantial
substitute,substitutes,substituted,substituting
succeed,succeeds,succeeded,succeeding
success,successes
successful
successfully
such
sudden
suddenly
suffer,suffers,suffered,suffering,sufferred,sufferring
sufficient
sugar,sugars,sugared
suggest,suggests,suggested,suggesting
suggestion,suggestions
suit,suits,suited,suiting
suitable
sum,sums,summed,summing
summarize,summarizes,summarized,summarizing,summarise,summarises,summarised,summarising
summary,summaries
summer,summers,summered
sun,suns,sunned,sunning
supplement,supplements,supplemented,supplementing
supplier,suppliers
supply,supplies,supplied,supplying
support,supports,supported,supporting
supporter,supporters
suppose,supposes,supposed,supposing
sure,surer,surest
surely
surface,surfaces,surfaced,surfacing
surgery,surgeries
surprise,surprises,surprised,surprising
surprisingly
surround,surrounds,surrounded,surrounding,surroundings
survey,surveys,surveyed,surveying
survival,survivals
survive,survives,survived,surviving
suspect,suspects,suspected,suspecting
suspend,suspends,suspended,suspending
sustain,sustains,sustained,sustaining
swear,swears,swore,swearing,sworn
sweep,sweeps,swept,sweeping,sweepings
sweet,sweets,sweeter,sweetest
swim,swims,swam,swimming,swum
swing,swings,swung,swinging
switch,switches,switched,switching
symbol,symbols
symptom,symptoms
system,systems
table,tables,tabled
tackle,tackles,tackled,tackling
tail,tails,tailed,tailing
take,takes,took,taking,taken
tale,tales
talent,talents,talented
talk,talks,talked,talking
tall,taller,tallest
tank,tanks,tanked,tanking
tap,taps,tapped,tapping
tape,tapes,taped,taping
target,targets,targeted,targeting
task,tasks,tasked,tasking
taste,tastes,tasted,tasting,tastings
tax,taxes,taxed,taxing
taxi,taxis,taxiing,taxies
tea,teas
teach,teaches,taught,teaching,teachings
teacher,teachers
team,teams,teamed,teaming
tear,tears,tore,tearing
technical
technique,techniques
technology,technologies
teenager,teenagers
telephone,telephones,telephoned,telephoning
television,televisions
tell,tells,told,telling
temperature,temperatures
temporary
tend,tends,tended,tending
tendency,tendencies
tender,tenders
tennis
tension,tensions,tensioned,tensioning
tent,tents,tented,tenting
term,terms,termed,terming
terrible
territory,territories
terrorist,terrorists
test,tests,tested,testing
text,texts
than
thank,thanks,thanked,thanking
that,those
the
theater,theaters,theatre,theatres
theme,themes,themed
themselves
then
theoretical
theory,theories
therapy,therapies
there
therefore
they,them,em,their,theirs
thick,thicker,thickest
thin,thins,thinned,thinning,thinner,thinnest
thing,things
think,thinks,thought,thinking,thoughts
thirst,thirsts,thirsted,thirsting
this,these
though
threat,threats
threaten,threatens,threatened,threatening
throat,throats
through
throughout
throw,throws,threw,throwing,thrown
thus
ticket,tickets,ticketed,ticketing
tie,ties,tied,tying
tight,tighter,tightest
till,tills,tilled,tilling
time,times,timed,timing
tiny,tinier,tiniest
tip,tips,tipped,tipping
tire,tires,tired,tiring
tissue,tissues
title,titles,titled,titling
to
today
together
tomorrow,tomorrows
tone,tones,toned,toning
tongue,tongues,tongued,tonguing
tonight
too
tool,tools,tooled,tooling
tooth,teeth,toothed
top,tops,topped,topping,toppings
topic,topics
total,totals,totaled,totaling,totalled,totalling
totally
touch,touches,touched,touching
tough,tougher,toughest
tour,tours,toured,touring
tourism
tourist,tourists
tournament,tournaments
toward,towards
tower,towers,towered,towering
town,towns
toy,toys,toyed,toying
trace,traces,traced,tracing,tracings
track,tracks,tracked,tracking
trade,trades,traded,trading
tradition,traditions
traditional
traffic,traffics,trafficked,trafficking,traffick,trafficks
trail,trails,trailed,trailing
train,trains,trained,training,trainings
transfer,transfers,transferred,transferring,transfering
transform,transforms,transformed,transforming
transition,transitions,transitioned,transitioning
translate,translates,translated,translating
transport,transports,transported,transporting
transportation,transportations
trap,traps,trapped,trapping,trappings
travel,travels,traveled,traveling,travelled,travelling
treat,treats,treated,treating
treatment,treatments
tree,trees
trend,trends,trended,trending
trial,trials,trialed,trialing,trialled,trialling
trick,tricks,tricked,tricking
trigger,triggers,triggered,triggering
trip,trips,tripped,tripping
troop,troops
trouble,troubles,troubled,troubling
truck,trucks,trucked,trucking
TRUE,trues,trued,truing,truer,truest
truly
trust,trusts,trusted,trusting
truth,truths
try,tries,tried,trying
tube,tubes,tubed,tubing
tune,tunes,tuned,tuning
turn,turns,turned,turning
twice
twin,twins
twist,twists,twisted,twisting
type,types,typed,typing
typical
typically
ugly,uglier,ugliest
ultimately
unable
uncertainty,uncertainties
uncle,uncles
unclear
under
undergo,undergoes,underwent,undergoing,undergone
underlie,underlies,underlying,underlain
understand,understands,understood,understanding,understandings
undertake,undertakes,undertook,undertaking,undertaken,undertakings
unemployment
unfortunately
uniform,uniforms,uniformed
union,unions
unique
unit,units
unite,unites,united,uniting
universal,universals
universe,universes
university,universities
unknown,unknowns
unless
unlike
unlikely,unlikelier,unlikeliest
until,til
unusual
up,ups,upped,upping
update,updates,updated,updating
upon
upper,uppers
upset,upsets,upsetting
urban
urge,urges,urged,urging,urgings
use,uses,used,using
useful
user,users
usual
usually
valley,valleys
valuable,valuables
value,values,valued,valuing
van,vans
variable,variables
variation,variations
variety,varieties
various
vary,varies,varied,varying
vast,vaster,vastest
vegetable,vegetables
vehicle,vehicles
venture,ventures,ventured,venturing
verb,verbs
version,versions,versioned
versus
very
vessel,vessels
veteran,veterans
via
vice,vices
victim,victims
victory,victories
video,videos,videoed
view,views,viewed,viewing
village,villages
violence
violent
virtually
virus,viruses
visible
vision,visions
visit,visits,visited,visiting
visitor,visitors
visual,visuals
vital,vitals
voice,voices,voiced,voicing
volume,volumes
voluntary
volunteer,volunteers,volunteered,volunteering
vote,votes,voted,voting
voter,voters
wage,wages,waged,waging
wait,waits,waited,waiting
wake,wakes,woke,waking,woken,waked
walk,walks,walked,walking
wall,walls,walled,walling
wander,wanders,wandered,wandering,wanderings
want,wants,wanted,wanting,wanna
war,wars,warred,warring
warm,warms,warmed,warming,warmer,warmest
warn,warns,warned,warning,warnings
wash,washes,washed,washing
waste,wastes,wasted,wasting
watch,watches,watched,watching
water,waters,watered,watering
wave,waves,waved,waving
way,ways
we,us,our,ours
weak,weaker,weakest
weakness,weaknesses
wealth
wealthy,wealthier,wealthiest
weapon,weapons
wear,wears,wore,wearing,worn
weather,weathers,weathered,weathering
web,webs,webbed,webbing,webbings
website,websites,web-site,web-sites,web site,web sites
wed,weds,wedded,wedding,weddings
week,weeks
weekend,weekends,weekending
weekly,weeklies
weigh,weighs,weighed,weighing
weight,weights,weighted,weighting,weightings
weird,weirder,weirdest
welcome,welcomes,welcomed,welcoming
welfare,welfares
well,wells,welled,welling
west
western,westerns
wet,wets,wetted,wetting,wetter,wettest
what
whatever
wheel,wheels,wheeled,wheeling
when
whenever
where
whereas
wherever
whether
which
while,whiles,whiled,whiling
whilst
whisper,whispers,whispered,whispering,whisperings
white,whiter,whitest,whites
who,whom,whose
whole,wholes
why
wide,wider,widest
widely
wife,wives
wild,wilder,wildest,wilds
will,wills,willed,willing,won,ll
win,wins,winning,winnings
wind,winds,winded,winding
window,windows,windowed,windowing
wine,wines,wining
wing,wings,winged,winging
winner,winners
winter,winters,wintered,wintering
wipe,wipes,wiped,wiping
wire,wires,wired,wiring,wirings
wise,wises,wised,wising,wiser,wisest
wish,wishes,wished,wishing
with
withdraw,withdraws,withdrew,withdrawing,withdrawn
within
without
witness,witnesses,witnessed,witnessing
woman,women
wonder,wonders,wondered,wondering,wonderings
wonderful
wood,woods,wooded
wooden
word,words,worded,wording,wordings
work,works,worked,working,workings
worker,workers
world,worlds
worry,worries,worried,worrying
worth
would,wouldn
wound,wounds,wounded,wounding
wrap,wraps,wrapped,wrapping,wrappings
write,writes,wrote,writing,written,writings
writer,writers
wrong,wrongs,wronged,wronging
yard,yards
yeah
year,years
yellow,yellows,yellowed,yellowing
yes,yeses
yesterday,yesterdays
yet
yield,yields,yielded,yielding
you,y,ye,your,yours
young,younger,youngest
yourself,yourselves
youth,youths
zone,zones,zoned,zoning,zonings
